customerID,gender,SeniorCitizen,tenure,PhoneService,InternetService,MonthlyCharges,TotalCharges,Churn
CUST00001,Female,0,31,No,DSL,38.7,1426.76,No
CUST00002,Male,1,56,No,Fiber optic,36.0,2241.08,Yes
CUST00003,Male,0,23,No,DSL,71.81,1684.09,No
CUST00004,Female,0,48,No,No,75.95,4004.43,No
CUST00005,Male,0,53,Yes,Fiber optic,82.03,4085.03,No
CUST00006,Female,0,6,Yes,Fiber optic,81.48,494.87,No
CUST00007,Male,0,2,No,DSL,95.03,194.49,Yes
CUST00008,Male,0,7,No,Fiber optic,102.28,714.46,Yes
CUST00009,Female,0,63,Yes,DSL,45.33,2818.28,No
CUST00010,Male,0,46,No,Fiber optic,76.48,3474.11,No
CUST00011,Female,1,11,No,DSL,84.29,855.99,No
CUST00012,Male,1,18,Yes,DSL,66.67,1073.03,No
CUST00013,Female,0,65,Yes,Fiber optic,95.62,6217.22,No
CUST00014,Female,0,7,No,Fiber optic,75.06,575.58,No
CUST00015,Female,0,30,Yes,Fiber optic,52.54,1744.99,No
CUST00016,Male,0,5,Yes,Fiber optic,78.75,431.78,Yes
CUST00017,Male,0,52,Yes,Fiber optic,41.78,1979.34,No
CUST00018,Female,0,37,Yes,Fiber optic,35.76,1457.39,Yes
CUST00019,Male,1,33,Yes,DSL,36.19,1397.65,Yes
CUST00020,Female,0,17,Yes,DSL,97.95,1778.29,No
CUST00021,Male,0,3,No,Fiber optic,102.92,321.19,No
CUST00022,Female,1,4,Yes,Fiber optic,72.31,296.71,No
CUST00023,Male,0,2,Yes,No,97.33,210.19,Yes
CUST00024,Male,0,70,Yes,DSL,50.25,3164.74,No
CUST00025,Female,1,26,Yes,DSL,53.43,1231.07,Yes
CUST00026,Female,1,6,Yes,Fiber optic,72.49,461.4,Yes
CUST00027,Male,0,42,No,DSL,22.6,1034.51,No
CUST00028,Female,0,7,No,Fiber optic,64.48,497.56,Yes
CUST00029,Male,0,16,Yes,DSL,85.96,1312.23,No
CUST00030,Female,0,12,Yes,DSL,21.84,365.51,No
CUST00031,Female,0,72,No,DSL,98.88,7203.12,No
CUST00032,Male,0,33,Yes,No,90.43,2890.77,No
CUST00033,Male,0,4,Yes,DSL,109.16,448.31,Yes
CUST00034,Female,0,41,No,No,56.04,2281.43,No
CUST00035,Male,0,31,No,Fiber optic,57.2,2021.56,No
CUST00036,Male,0,10,No,Fiber optic,91.87,957.68,No
CUST00037,Male,0,21,Yes,Fiber optic,41.98,1051.46,No
CUST00038,Female,1,0,Yes,No,109.99,,Yes
CUST00039,Male,0,41,Yes,Fiber optic,84.38,,No
CUST00040,Male,1,41,Yes,Fiber optic,32.33,996.59,Yes
CUST00041,Female,0,37,Yes,Fiber optic,56.29,1853.33,No
CUST00042,Male,0,20,Yes,DSL,77.67,1629.77,No
CUST00043,Female,0,26,Yes,Fiber optic,75.87,1968.03,No
CUST00044,Female,1,66,Yes,No,96.43,5972.17,No
CUST00045,Male,1,51,No,Fiber optic,68.51,3418.76,Yes
CUST00046,Female,1,65,Yes,DSL,56.86,3849.74,No
CUST00047,Female,0,5,No,DSL,62.75,315.31,No
CUST00048,Male,0,57,Yes,DSL,44.54,2381.16,No
CUST00049,Male,1,50,No,DSL,88.21,4163.42,No
CUST00050,Male,0,10,Yes,Fiber optic,89.11,859.58,Yes
CUST00051,Female,1,9,Yes,DSL,85.51,706.69,No
CUST00052,Female,0,62,Yes,DSL,36.39,2248.44,No
CUST00053,Female,0,19,Yes,No,74.77,1243.65,No
CUST00054,Female,0,15,Yes,Fiber optic,60.91,944.72,Yes
CUST00055,Female,1,0,Yes,DSL,82.13,,No
CUST00056,Male,0,39,No,Fiber optic,51.3,1979.67,No
CUST00057,Male,0,6,No,Fiber optic,99.46,655.93,No
CUST00058,Female,0,63,No,Fiber optic,84.72,5176.44,No
CUST00059,Female,0,22,No,No,28.08,820.98,No
CUST00060,Male,0,68,Yes,Fiber optic,21.29,2067.98,No
CUST00061,Female,0,13,Yes,No,27.41,397.04,No
CUST00062,Male,0,49,Yes,Fiber optic,22.42,1579.35,Yes
CUST00063,Female,1,13,No,No,99.1,1376.96,No
CUST00064,Female,0,44,No,DSL,78.89,3636.73,No
CUST00065,Female,0,28,No,No,47.36,1261.4,No
CUST00066,Female,0,58,Yes,DSL,56.76,3376.86,No
CUST00067,Female,0,52,No,DSL,40.91,2211.57,No
CUST00068,Female,0,35,No,Fiber optic,73.02,2750.09,No
CUST00069,Male,1,8,No,DSL,96.94,749.42,Yes
CUST00070,Male,0,5,No,No,92.71,,No
CUST00071,Female,1,5,No,DSL,72.18,372.23,No
CUST00072,Female,0,62,No,DSL,82.4,4717.12,No
CUST00073,Male,0,12,Yes,Fiber optic,39.13,464.49,No
CUST00074,Female,0,11,No,No,77.69,765.68,Yes
CUST00075,Female,0,2,No,Fiber optic,71.05,154.56,Yes
CUST00076,Female,0,11,Yes,DSL,93.94,1019.35,Yes
CUST00077,Male,0,32,Yes,Fiber optic,26.34,939.39,No
CUST00078,Male,1,68,No,DSL,79.79,5435.2,No
CUST00079,Male,0,8,No,No,65.93,561.97,No
CUST00080,Male,0,14,No,No,72.88,1147.44,No
CUST00081,Female,1,14,Yes,DSL,72.47,1121.41,No
CUST00082,Female,0,52,Yes,DSL,62.46,3094.61,No
CUST00083,Female,0,49,No,Fiber optic,39.16,1992.65,No
CUST00084,Female,1,5,Yes,No,90.03,446.05,No
CUST00085,Female,1,6,No,DSL,94.59,593.44,Yes
CUST00086,Female,0,22,Yes,DSL,88.61,1741.87,No
CUST00087,Female,0,35,Yes,DSL,34.53,950.87,No
CUST00088,Male,0,54,No,No,60.99,3391.63,No
CUST00089,Male,0,2,Yes,Fiber optic,102.78,220.8,Yes
CUST00090,Male,0,1,No,No,106.45,110.12,No
CUST00091,Male,0,6,No,DSL,79.89,,No
CUST00092,Female,1,68,Yes,No,58.64,3530.48,No
CUST00093,Female,0,36,Yes,Fiber optic,70.38,2768.51,No
CUST00094,Female,0,4,No,Fiber optic,85.59,314.26,No
CUST00095,Male,0,18,No,Fiber optic,96.28,1798.01,No
CUST00096,Male,1,59,Yes,DSL,43.16,2905.72,No
CUST00097,Male,0,35,Yes,Fiber optic,76.01,2372.21,No
CUST00098,Male,0,10,Yes,DSL,92.71,1006.4,Yes
CUST00099,Male,0,58,Yes,DSL,39.58,2079.75,No
CUST00100,Male,0,3,Yes,Fiber optic,79.3,257.56,Yes
CUST00101,Female,0,35,Yes,DSL,74.61,,No
CUST00102,Female,1,57,No,DSL,30.46,1182.23,No
CUST00103,Male,0,17,Yes,Fiber optic,86.54,1303.7,No
CUST00104,Male,1,44,No,Fiber optic,46.62,2012.91,No
CUST00105,Male,1,19,Yes,DSL,82.36,1735.35,No
CUST00106,Female,1,32,Yes,DSL,63.62,1838.53,Yes
CUST00107,Male,0,2,No,Fiber optic,83.28,176.26,No
CUST00108,Male,0,8,Yes,Fiber optic,97.34,736.39,No
CUST00109,Female,1,52,No,DSL,49.01,2311.18,Yes
CUST00110,Male,0,54,No,No,77.14,4317.67,No
CUST00111,Female,0,53,Yes,Fiber optic,81.99,,No
CUST00112,Female,0,72,Yes,Fiber optic,65.12,4275.58,No
CUST00113,Female,0,7,Yes,DSL,62.75,434.04,No
CUST00114,Female,0,9,Yes,No,83.45,756.3,Yes
CUST00115,Male,1,24,No,Fiber optic,67.86,1786.82,No
CUST00116,Female,0,18,No,Fiber optic,84.24,1424.93,Yes
CUST00117,Female,0,68,Yes,DSL,86.32,6267.42,No
CUST00118,Female,0,44,Yes,Fiber optic,74.28,3496.68,Yes
CUST00119,Female,0,6,No,DSL,78.8,436.53,Yes
CUST00120,Male,0,12,Yes,Fiber optic,20.44,219.7,No
CUST00121,Female,0,20,Yes,No,78.43,1758.92,No
CUST00122,Female,0,2,Yes,Fiber optic,105.76,192.52,Yes
CUST00123,Female,0,6,No,No,79.88,521.12,Yes
CUST00124,Male,0,69,Yes,Fiber optic,97.05,6439.78,No
CUST00125,Male,1,21,Yes,DSL,74.73,1692.3,Yes
CUST00126,Female,0,2,Yes,No,96.99,177.39,No
CUST00127,Male,0,6,Yes,DSL,95.48,631.37,Yes
CUST00128,Female,0,12,Yes,DSL,45.48,476.25,No
CUST00129,Male,0,16,No,Fiber optic,78.22,1175.65,No
CUST00130,Male,1,0,No,DSL,91.37,,Yes
CUST00131,Female,1,0,Yes,DSL,91.93,,Yes
CUST00132,Female,1,41,No,DSL,71.79,2996.23,No
CUST00133,Male,1,49,Yes,Fiber optic,87.69,4113.7,Yes
CUST00134,Female,0,9,Yes,DSL,109.3,1055.4,Yes
CUST00135,Male,0,12,Yes,Fiber optic,93.58,1214.25,No
CUST00136,Female,0,9,Yes,Fiber optic,79.68,716.86,Yes
CUST00137,Female,1,11,No,DSL,102.07,1052.55,No
CUST00138,Female,0,70,Yes,DSL,63.34,5030.03,No
CUST00139,Female,1,2,Yes,Fiber optic,107.34,219.24,Yes
CUST00140,Female,1,57,Yes,DSL,76.83,4098.86,No
CUST00141,Male,0,62,Yes,DSL,56.94,3076.41,No
CUST00142,Female,0,2,Yes,DSL,65.81,115.82,No
CUST00143,Female,1,6,No,No,75.43,398.7,Yes
CUST00144,Female,0,11,Yes,Fiber optic,70.85,775.02,Yes
CUST00145,Male,1,31,No,DSL,25.9,697.26,Yes
CUST00146,Female,0,10,No,Fiber optic,108.61,,No
CUST00147,Female,1,66,No,Fiber optic,85.24,5770.35,No
CUST00148,Male,1,30,No,DSL,28.48,566.0,No
CUST00149,Female,0,57,No,No,43.2,2411.4,No
CUST00150,Male,0,8,Yes,DSL,85.28,624.82,Yes
CUST00151,Female,0,6,Yes,Fiber optic,74.29,431.66,Yes
CUST00152,Female,0,27,Yes,No,41.49,895.87,No
CUST00153,Male,0,69,No,Fiber optic,83.94,,No
CUST00154,Male,0,48,Yes,DSL,33.18,1794.22,No
CUST00155,Female,0,3,No,No,108.86,347.54,No
CUST00156,Female,0,2,No,DSL,103.66,214.28,No
CUST00157,Male,0,67,Yes,Fiber optic,90.58,5872.75,No
CUST00158,Female,0,67,No,Fiber optic,99.08,7016.78,No
CUST00159,Male,0,69,No,DSL,95.85,6458.19,No
CUST00160,Female,0,54,Yes,DSL,29.41,1475.03,No
CUST00161,Male,0,11,No,DSL,61.37,,No
CUST00162,Male,0,3,No,DSL,104.45,294.01,No
CUST00163,Female,1,5,No,Fiber optic,74.65,325.8,Yes
CUST00164,Female,0,3,No,DSL,102.33,282.8,No
CUST00165,Male,1,3,Yes,No,106.18,293.66,Yes
CUST00166,Female,1,33,No,Fiber optic,20.42,,No
CUST00167,Female,0,1,No,Fiber optic,77.91,79.95,No
CUST00168,Male,1,5,No,No,72.19,,Yes
CUST00169,Female,0,11,No,DSL,84.52,911.52,Yes
CUST00170,Female,0,9,No,Fiber optic,68.98,706.22,No
CUST00171,Female,0,56,No,Fiber optic,47.31,3065.16,No
CUST00172,Male,0,4,Yes,Fiber optic,64.25,284.4,No
CUST00173,Male,1,37,No,Fiber optic,65.29,2458.41,No
CUST00174,Female,0,70,No,Fiber optic,64.29,4927.69,No
CUST00175,Male,1,5,Yes,No,106.55,555.49,Yes
CUST00176,Male,0,2,Yes,DSL,62.41,112.66,No
CUST00177,Male,0,58,No,Fiber optic,40.65,2260.29,No
CUST00178,Female,0,38,No,Fiber optic,39.09,1669.53,No
CUST00179,Male,0,34,Yes,DSL,77.48,2868.85,No
CUST00180,Male,0,62,No,DSL,45.12,3065.53,No
CUST00181,Female,0,20,Yes,DSL,91.22,1763.21,No
CUST00182,Female,1,7,No,DSL,96.75,702.04,Yes
CUST00183,Female,0,6,Yes,Fiber optic,90.89,,Yes
CUST00184,Male,0,48,Yes,Fiber optic,53.25,2269.38,No
CUST00185,Male,0,57,No,DSL,54.02,2512.76,No
CUST00186,Male,0,45,No,No,71.84,3494.81,No
CUST00187,Male,0,30,Yes,DSL,63.1,2105.28,No
CUST00188,Male,0,71,No,DSL,28.82,2253.8,No
CUST00189,Female,0,26,Yes,No,71.95,1998.2,No
CUST00190,Male,1,2,Yes,DSL,71.8,,Yes
CUST00191,Male,0,27,Yes,Fiber optic,55.3,1432.88,No
CUST00192,Male,0,12,No,DSL,40.81,471.01,No
CUST00193,Female,0,31,No,Fiber optic,77.28,2515.0,No
CUST00194,Male,0,34,No,Fiber optic,41.81,1529.17,No
CUST00195,Female,0,53,No,DSL,56.91,3464.5,No
CUST00196,Male,0,28,No,DSL,74.91,2144.74,No
CUST00197,Female,1,43,No,Fiber optic,24.02,1396.54,Yes
CUST00198,Female,0,8,No,DSL,98.72,744.48,Yes
CUST00199,Female,0,56,No,Fiber optic,92.03,5060.74,No
CUST00200,Female,0,24,No,DSL,93.96,2139.57,No
CUST00201,Male,1,0,Yes,DSL,108.59,,Yes
CUST00202,Male,0,45,No,DSL,27.51,967.1,No
CUST00203,Male,0,29,Yes,DSL,24.27,942.89,No
CUST00204,Female,0,70,Yes,DSL,80.55,5655.08,No
CUST00205,Male,0,28,No,Fiber optic,28.85,529.71,No
CUST00206,Male,1,20,Yes,DSL,44.67,710.11,No
CUST00207,Male,0,4,Yes,Fiber optic,84.57,341.5,No
CUST00208,Female,0,8,Yes,DSL,106.92,792.34,No
CUST00209,Female,0,45,Yes,DSL,29.82,1171.72,No
CUST00210,Female,0,71,Yes,Fiber optic,78.95,4972.87,No
CUST00211,Male,0,9,No,DSL,93.6,880.64,Yes
CUST00212,Female,0,8,No,Fiber optic,106.51,827.6,Yes
CUST00213,Female,1,3,No,DSL,64.44,205.14,Yes
CUST00214,Male,0,14,Yes,DSL,76.22,1056.07,No
CUST00215,Male,0,9,Yes,DSL,80.09,664.16,Yes
CUST00216,Female,0,16,Yes,Fiber optic,66.37,1221.17,No
CUST00217,Male,1,10,Yes,Fiber optic,79.64,825.0,Yes
CUST00218,Male,0,13,No,No,93.26,1226.3,No
CUST00219,Male,0,2,Yes,Fiber optic,63.12,133.93,No
CUST00220,Male,0,56,Yes,Fiber optic,99.7,5863.94,No
CUST00221,Male,0,10,No,DSL,86.44,961.22,Yes
CUST00222,Male,0,28,No,Fiber optic,77.94,2091.21,No
CUST00223,Female,0,44,Yes,Fiber optic,70.09,3189.01,Yes
CUST00224,Female,0,22,Yes,DSL,76.56,1866.9,No
CUST00225,Male,0,31,No,DSL,96.86,2737.37,No
CUST00226,Female,1,20,Yes,DSL,62.95,1166.56,No
CUST00227,Male,0,59,No,DSL,97.4,6183.55,No
CUST00228,Male,0,64,Yes,DSL,90.8,5517.88,No
CUST00229,Female,1,52,Yes,DSL,38.25,,No
CUST00230,Female,0,22,Yes,Fiber optic,45.63,,No
CUST00231,Male,0,23,No,DSL,95.92,1993.96,No
CUST00232,Male,0,72,No,Fiber optic,46.82,3986.89,No
CUST00233,Male,0,14,No,DSL,91.43,,No
CUST00234,Male,0,10,No,DSL,106.09,1128.58,Yes
CUST00235,Female,1,18,Yes,DSL,36.7,668.24,No
CUST00236,Male,0,45,No,Fiber optic,69.98,3148.96,No
CUST00237,Female,0,5,No,Fiber optic,73.02,403.51,No
CUST00238,Male,1,4,No,Fiber optic,74.29,326.0,No
CUST00239,Female,0,6,No,Fiber optic,107.53,667.56,No
CUST00240,Male,1,67,No,Fiber optic,94.26,6469.12,Yes
CUST00241,Female,0,5,No,Fiber optic,60.97,314.64,Yes
CUST00242,Male,0,41,No,DSL,81.97,,No
CUST00243,Male,1,19,No,Fiber optic,69.4,1428.18,No
CUST00244,Female,0,71,Yes,No,93.76,6228.79,No
CUST00245,Female,0,71,No,Fiber optic,74.73,4916.12,No
CUST00246,Male,1,6,Yes,Fiber optic,75.58,457.05,Yes
CUST00247,Male,0,3,Yes,Fiber optic,71.78,232.01,Yes
CUST00248,Male,0,48,Yes,DSL,22.69,1228.27,No
CUST00249,Male,1,8,Yes,DSL,103.62,899.1,Yes
CUST00250,Female,1,50,No,No,82.66,4427.84,No
CUST00251,Male,0,13,Yes,DSL,87.85,1039.39,No
CUST00252,Female,0,47,Yes,DSL,49.59,2209.73,No
CUST00253,Female,0,45,No,No,58.79,3026.66,No
CUST00254,Female,0,59,No,Fiber optic,82.76,4402.6,No
CUST00255,Male,0,20,No,Fiber optic,75.18,1667.39,No
CUST00256,Female,1,48,No,Fiber optic,47.64,2155.56,Yes
CUST00257,Female,0,10,Yes,DSL,105.5,1107.08,No
CUST00258,Male,0,50,Yes,DSL,98.42,4943.48,No
CUST00259,Male,0,5,Yes,No,99.47,526.43,Yes
CUST00260,Male,0,16,Yes,DSL,65.51,903.31,No
CUST00261,Female,0,64,No,Fiber optic,79.1,5002.12,No
CUST00262,Female,0,50,Yes,Fiber optic,55.56,,No
CUST00263,Male,0,59,Yes,No,76.44,5067.22,No
CUST00264,Male,0,26,Yes,DSL,59.88,1696.57,No
CUST00265,Female,1,25,No,Fiber optic,92.73,2565.35,Yes
CUST00266,Female,0,3,No,DSL,73.7,220.74,Yes
CUST00267,Female,1,8,Yes,Fiber optic,60.82,551.81,Yes
CUST00268,Male,0,4,Yes,No,106.57,393.71,Yes
CUST00269,Male,0,5,Yes,No,97.47,468.29,No
CUST00270,Male,0,9,No,DSL,100.89,951.97,No
CUST00271,Male,0,11,No,DSL,105.58,1055.65,Yes
CUST00272,Female,0,11,No,DSL,94.23,995.42,Yes
CUST00273,Male,1,30,No,DSL,56.25,1717.82,No
CUST00274,Male,0,27,No,DSL,34.82,963.14,No
CUST00275,Male,0,23,No,No,43.32,1051.04,No
CUST00276,Female,1,15,No,No,95.2,1342.46,No
CUST00277,Female,0,31,No,Fiber optic,65.84,2333.63,No
CUST00278,Male,0,41,Yes,DSL,42.31,1392.05,No
CUST00279,Male,0,67,Yes,DSL,53.45,2954.61,No
CUST00280,Male,1,1,No,No,94.48,90.75,Yes
CUST00281,Female,0,47,No,Fiber optic,99.67,4936.23,Yes
CUST00282,Male,0,1,Yes,Fiber optic,99.59,106.2,No
CUST00283,Male,0,8,Yes,Fiber optic,87.78,675.99,No
CUST00284,Male,0,0,Yes,DSL,69.21,,No
CUST00285,Female,1,1,Yes,No,76.31,79.68,No
CUST00286,Male,0,3,Yes,DSL,108.65,321.73,No
CUST00287,Female,1,23,No,Fiber optic,37.34,676.67,No
CUST00288,Female,0,0,Yes,DSL,91.99,,No
CUST00289,Male,0,12,Yes,DSL,57.05,647.54,No
CUST00290,Female,0,67,Yes,DSL,54.38,4134.77,No
CUST00291,Female,0,26,No,Fiber optic,76.76,,No
CUST00292,Female,0,6,No,Fiber optic,106.66,660.11,Yes
CUST00293,Male,0,28,Yes,Fiber optic,36.77,1101.74,No
CUST00294,Male,0,16,No,Fiber optic,24.86,368.24,No
CUST00295,Male,0,64,Yes,DSL,23.23,1237.21,No
CUST00296,Male,1,12,Yes,DSL,45.19,446.88,Yes
CUST00297,Female,1,58,Yes,DSL,70.68,4073.68,No
CUST00298,Female,0,37,No,Fiber optic,56.37,2365.17,No
CUST00299,Female,0,12,Yes,DSL,26.02,276.83,No
CUST00300,Male,0,9,No,No,106.71,1036.35,Yes
CUST00301,Male,1,5,No,DSL,97.54,501.49,No
CUST00302,Male,0,32,Yes,No,72.11,2494.07,No
CUST00303,Male,0,60,No,DSL,97.54,5341.58,No
CUST00304,Male,0,19,Yes,DSL,43.44,993.23,No
CUST00305,Female,1,14,Yes,DSL,72.11,1149.3,No
CUST00306,Female,1,34,Yes,Fiber optic,28.67,927.58,No
CUST00307,Female,0,62,No,No,82.04,4879.99,No
CUST00308,Female,0,2,Yes,No,102.96,195.71,Yes
CUST00309,Female,0,10,No,DSL,61.39,697.27,No
CUST00310,Male,1,12,No,DSL,24.74,406.21,Yes
CUST00311,Male,0,29,No,DSL,52.77,1332.48,No
CUST00312,Male,1,46,No,Fiber optic,60.35,3222.51,Yes
CUST00313,Female,0,41,No,No,54.6,2184.67,No
CUST00314,Female,1,3,Yes,No,99.22,285.07,Yes
CUST00315,Female,0,6,Yes,DSL,61.75,337.66,No
CUST00316,Female,0,11,Yes,DSL,103.7,1170.51,No
CUST00317,Female,0,42,No,DSL,37.46,1778.48,No
CUST00318,Male,1,22,Yes,No,88.97,1765.74,No
CUST00319,Female,0,43,No,No,73.98,,No
CUST00320,Female,0,60,Yes,Fiber optic,41.57,2305.08,Yes
CUST00321,Male,0,42,Yes,DSL,85.34,3171.45,No
CUST00322,Male,0,59,Yes,Fiber optic,64.79,4002.68,Yes
CUST00323,Male,1,71,Yes,Fiber optic,90.62,7102.23,No
CUST00324,Male,0,20,Yes,DSL,97.59,1753.44,No
CUST00325,Male,1,62,Yes,Fiber optic,45.64,3356.15,No
CUST00326,Male,0,10,No,DSL,61.33,518.27,No
CUST00327,Male,0,12,No,Fiber optic,43.78,409.9,Yes
CUST00328,Female,0,53,No,Fiber optic,62.91,2991.44,No
CUST00329,Female,0,46,Yes,DSL,95.04,4466.69,No
CUST00330,Female,0,6,No,DSL,81.15,465.59,No
CUST00331,Female,0,47,Yes,DSL,42.12,2168.32,No
CUST00332,Male,0,1,No,Fiber optic,89.51,88.09,Yes
CUST00333,Male,0,25,No,DSL,36.01,806.71,No
CUST00334,Female,0,1,No,Fiber optic,90.62,98.11,No
CUST00335,Male,0,10,No,DSL,85.5,906.87,No
CUST00336,Female,0,1,Yes,No,81.18,86.53,Yes
CUST00337,Male,0,66,Yes,DSL,59.06,4425.72,No
CUST00338,Female,1,5,Yes,DSL,84.5,399.48,No
CUST00339,Female,0,35,No,Fiber optic,79.05,3035.23,Yes
CUST00340,Female,0,48,Yes,DSL,57.88,2753.77,No
CUST00341,Female,1,0,No,Fiber optic,60.9,,No
CUST00342,Female,0,50,Yes,DSL,61.39,3287.9,No
CUST00343,Male,0,54,No,No,24.41,1330.52,No
CUST00344,Male,0,8,Yes,Fiber optic,88.09,636.06,Yes
CUST00345,Female,0,13,No,Fiber optic,36.78,380.15,No
CUST00346,Female,0,2,Yes,Fiber optic,81.48,169.66,Yes
CUST00347,Female,0,54,Yes,No,80.38,3997.31,No
CUST00348,Female,1,7,Yes,Fiber optic,76.59,505.1,No
CUST00349,Male,1,31,No,Fiber optic,83.18,2433.19,No
CUST00350,Male,1,50,No,DSL,79.46,4263.63,No
CUST00351,Male,0,11,No,Fiber optic,70.25,711.49,Yes
CUST00352,Male,0,32,No,Fiber optic,26.11,755.64,No
CUST00353,Male,0,26,No,DSL,26.15,424.46,No
CUST00354,Male,1,9,No,Fiber optic,95.21,851.11,Yes
CUST00355,Female,0,52,No,Fiber optic,31.84,,No
CUST00356,Female,0,58,Yes,DSL,63.64,3818.92,No
CUST00357,Male,0,71,Yes,Fiber optic,47.08,3967.94,No
CUST00358,Male,0,34,Yes,DSL,46.56,1478.34,No
CUST00359,Female,0,56,Yes,No,63.47,3217.97,No
CUST00360,Male,0,15,Yes,Fiber optic,81.97,1266.31,No
CUST00361,Male,1,7,Yes,DSL,84.43,580.13,Yes
CUST00362,Male,0,59,No,DSL,29.52,1792.11,No
CUST00363,Female,0,21,Yes,DSL,60.01,1329.04,No
CUST00364,Female,1,59,Yes,Fiber optic,25.27,907.22,Yes
CUST00365,Male,0,45,Yes,Fiber optic,58.12,3034.53,No
CUST00366,Male,0,16,No,No,21.27,438.61,No
CUST00367,Female,0,1,Yes,Fiber optic,95.81,99.42,Yes
CUST00368,Female,0,47,Yes,Fiber optic,66.9,3213.42,No
CUST00369,Female,0,0,Yes,DSL,82.47,,Yes
CUST00370,Male,0,0,Yes,Fiber optic,78.05,,Yes
CUST00371,Male,0,31,No,Fiber optic,95.98,3181.92,No
CUST00372,Male,0,2,No,No,79.04,171.5,Yes
CUST00373,Female,0,49,No,DSL,85.85,4161.93,No
CUST00374,Male,0,43,No,DSL,70.61,2744.32,No
CUST00375,Male,0,12,Yes,Fiber optic,46.88,485.76,No
CUST00376,Male,0,65,No,No,34.25,1984.13,No
CUST00377,Male,1,12,No,DSL,70.54,776.44,No
CUST00378,Female,0,12,Yes,Fiber optic,47.47,516.17,No
CUST00379,Female,1,6,Yes,Fiber optic,71.97,410.36,Yes
CUST00380,Female,1,54,No,DSL,63.78,3400.33,No
CUST00381,Female,0,25,Yes,DSL,33.07,811.43,No
CUST00382,Male,0,5,No,Fiber optic,108.24,554.61,Yes
CUST00383,Female,1,8,Yes,Fiber optic,71.26,618.32,Yes
CUST00384,Female,0,10,Yes,Fiber optic,94.14,843.68,No
CUST00385,Male,0,66,Yes,Fiber optic,98.52,6193.61,No
CUST00386,Female,0,56,No,Fiber optic,43.21,2245.12,No
CUST00387,Male,0,2,No,Fiber optic,86.01,,Yes
CUST00388,Male,0,3,No,Fiber optic,90.92,267.44,No
CUST00389,Male,0,62,No,Fiber optic,25.65,2042.29,No
CUST00390,Male,0,20,Yes,Fiber optic,91.23,1798.08,No
CUST00391,Female,0,7,No,Fiber optic,70.26,550.57,Yes
CUST00392,Female,0,6,Yes,Fiber optic,65.16,423.72,No
CUST00393,Male,0,43,Yes,Fiber optic,83.76,3625.3,Yes
CUST00394,Female,0,68,Yes,Fiber optic,24.38,2043.49,Yes
CUST00395,Male,0,7,Yes,Fiber optic,85.32,543.3,No
CUST00396,Male,1,12,Yes,DSL,35.08,,Yes
CUST00397,Male,0,32,Yes,DSL,73.1,2441.34,No
CUST00398,Female,0,8,Yes,Fiber optic,95.63,,Yes
CUST00399,Male,1,11,Yes,Fiber optic,70.1,728.23,Yes
CUST00400,Male,1,68,Yes,No,69.11,4463.01,Yes
CUST00401,Female,0,34,Yes,Fiber optic,29.47,676.49,No
CUST00402,Male,0,26,Yes,DSL,46.33,,No
CUST00403,Female,0,11,No,Fiber optic,71.1,862.39,Yes
CUST00404,Female,0,0,Yes,Fiber optic,108.87,,No
CUST00405,Male,0,12,No,Fiber optic,39.91,578.87,Yes
CUST00406,Male,0,0,No,No,62.29,,No
CUST00407,Male,0,0,Yes,Fiber optic,68.02,,No
CUST00408,Female,0,36,No,DSL,23.55,659.7,No
CUST00409,Male,0,10,No,Fiber optic,94.98,946.91,Yes
CUST00410,Female,0,31,Yes,No,89.34,2836.54,No
CUST00411,Male,0,25,No,DSL,56.91,1474.16,No
CUST00412,Male,0,71,Yes,DSL,38.55,3232.56,No
CUST00413,Male,1,2,Yes,No,101.96,185.06,Yes
CUST00414,Male,0,39,No,Fiber optic,39.74,1728.79,No
CUST00415,Male,1,1,No,Fiber optic,75.62,78.69,Yes
CUST00416,Male,0,0,Yes,DSL,78.02,,Yes
CUST00417,Female,0,31,Yes,No,67.82,1932.71,No
CUST00418,Male,0,65,No,DSL,25.38,1700.88,No
CUST00419,Male,0,0,No,DSL,108.4,,Yes
CUST00420,Female,0,66,Yes,Fiber optic,80.08,5201.52,No
CUST00421,Male,0,42,No,DSL,59.95,2240.55,No
CUST00422,Male,0,49,Yes,Fiber optic,57.97,3224.23,No
CUST00423,Female,0,11,No,DSL,78.29,765.6,Yes
CUST00424,Male,0,12,No,Fiber optic,22.87,295.89,Yes
CUST00425,Female,1,61,No,No,86.42,5459.11,No
CUST00426,Male,0,68,No,Fiber optic,54.09,3711.2,Yes
CUST00427,Male,0,10,No,DSL,65.63,735.47,No
CUST00428,Female,0,51,Yes,Fiber optic,73.17,4107.44,No
CUST00429,Male,0,56,Yes,DSL,35.97,,No
CUST00430,Female,0,60,No,Fiber optic,79.71,4724.53,Yes
CUST00431,Female,0,20,No,DSL,51.73,1219.49,No
CUST00432,Male,0,30,Yes,Fiber optic,88.13,2895.23,Yes
CUST00433,Female,0,12,Yes,No,60.88,695.48,No
CUST00434,Female,0,12,No,DSL,92.2,1131.76,No
CUST00435,Male,0,59,No,Fiber optic,70.98,4637.3,No
CUST00436,Female,0,45,No,Fiber optic,90.93,4131.19,No
CUST00437,Female,1,14,Yes,DSL,80.97,1254.36,Yes
CUST00438,Female,0,35,No,DSL,65.51,2346.28,No
CUST00439,Female,0,70,No,DSL,24.2,2173.0,No
CUST00440,Female,0,1,Yes,Fiber optic,86.6,85.61,Yes
CUST00441,Female,1,3,No,DSL,89.12,263.04,Yes
CUST00442,Female,0,43,No,DSL,43.24,1634.0,No
CUST00443,Male,0,63,Yes,DSL,27.4,1359.99,No
CUST00444,Female,0,48,No,No,21.92,1092.43,No
CUST00445,Male,0,9,Yes,DSL,74.17,614.01,No
CUST00446,Female,0,1,No,DSL,71.29,66.41,No
CUST00447,Female,0,72,Yes,Fiber optic,42.94,2729.78,Yes
CUST00448,Female,0,51,Yes,Fiber optic,33.75,1894.86,No
CUST00449,Female,0,51,No,DSL,64.22,3247.05,No
CUST00450,Female,0,67,Yes,No,66.99,4585.02,No
CUST00451,Female,0,59,Yes,Fiber optic,44.9,2254.54,Yes
CUST00452,Male,1,24,No,DSL,95.99,2376.14,No
CUST00453,Female,0,11,Yes,DSL,73.59,872.39,Yes
CUST00454,Female,0,2,No,No,100.64,181.84,Yes
CUST00455,Male,1,0,No,Fiber optic,77.27,,Yes
CUST00456,Male,0,65,Yes,DSL,64.21,4366.39,No
CUST00457,Female,0,24,Yes,Fiber optic,32.65,,Yes
CUST00458,Male,0,8,No,DSL,84.2,716.01,No
CUST00459,Female,1,5,No,Fiber optic,83.72,370.78,No
CUST00460,Male,0,16,Yes,DSL,63.76,866.4,No
CUST00461,Female,0,7,No,DSL,96.37,681.5,No
CUST00462,Male,0,11,No,DSL,67.55,787.97,No
CUST00463,Female,1,12,No,No,28.42,235.7,No
CUST00464,Female,1,18,No,DSL,67.3,1358.79,No
CUST00465,Female,0,17,No,No,66.54,1071.77,No
CUST00466,Female,0,7,No,DSL,64.16,393.49,No
CUST00467,Male,0,47,No,No,75.0,3101.11,No
CUST00468,Female,0,5,Yes,DSL,101.61,498.61,Yes
CUST00469,Male,0,54,Yes,DSL,98.81,4821.96,No
CUST00470,Male,0,32,Yes,Fiber optic,97.96,3114.32,No
CUST00471,Male,0,61,No,No,46.33,,No
CUST00472,Male,0,4,No,DSL,64.49,,No
CUST00473,Female,1,35,Yes,No,36.78,1464.1,No
CUST00474,Female,0,29,Yes,Fiber optic,81.48,2233.8,No
CUST00475,Male,0,7,Yes,Fiber optic,81.14,631.96,Yes
CUST00476,Male,1,9,No,No,71.59,554.4,No
CUST00477,Female,1,0,No,No,101.56,,No
CUST00478,Female,1,0,No,No,71.88,,Yes
CUST00479,Female,0,30,Yes,DSL,81.5,2361.66,No
CUST00480,Male,0,1,Yes,Fiber optic,62.43,68.45,Yes
CUST00481,Male,1,12,Yes,No,42.15,528.21,No
CUST00482,Male,0,0,Yes,Fiber optic,79.9,,Yes
CUST00483,Male,1,3,Yes,DSL,92.66,272.24,Yes
CUST00484,Male,0,25,No,Fiber optic,62.26,1519.5,No
CUST00485,Male,0,0,No,No,102.44,,Yes
CUST00486,Female,0,48,No,Fiber optic,82.72,3702.0,No
CUST00487,Female,0,63,No,No,36.95,1888.67,No
CUST00488,Female,1,0,Yes,Fiber optic,82.65,,No
CUST00489,Female,1,16,Yes,DSL,78.68,1305.96,Yes
CUST00490,Female,0,67,Yes,DSL,85.37,6126.04,No
CUST00491,Male,1,51,No,Fiber optic,95.4,4385.33,Yes
CUST00492,Male,0,6,No,DSL,74.23,495.01,No
CUST00493,Male,0,61,Yes,No,40.4,2398.16,No
CUST00494,Female,1,60,Yes,Fiber optic,67.28,3788.74,Yes
CUST00495,Male,1,3,Yes,Fiber optic,64.6,166.6,No
CUST00496,Male,0,13,No,No,63.4,775.77,No
CUST00497,Female,0,52,No,DSL,89.75,4360.52,No
CUST00498,Female,0,2,No,DSL,67.43,130.95,No
CUST00499,Male,1,12,Yes,DSL,44.7,653.41,No
CUST00500,Male,0,11,Yes,Fiber optic,63.8,612.64,Yes
CUST00501,Female,0,9,No,Fiber optic,87.5,863.49,Yes
CUST00502,Male,0,49,No,No,98.84,5284.28,No
CUST00503,Male,0,53,Yes,DSL,48.75,2423.74,No
CUST00504,Male,0,18,No,Fiber optic,82.67,1599.87,No
CUST00505,Male,0,6,Yes,No,100.74,586.93,No
CUST00506,Female,0,35,Yes,Fiber optic,79.52,2502.36,Yes
CUST00507,Male,0,24,Yes,No,31.62,,No
CUST00508,Male,0,16,Yes,DSL,96.36,1402.21,No
CUST00509,Female,1,35,No,DSL,81.25,2581.55,No
CUST00510,Male,0,59,No,Fiber optic,44.83,2364.17,Yes
CUST00511,Male,0,12,Yes,DSL,70.09,960.72,No
CUST00512,Male,0,72,No,DSL,32.26,2636.16,No
CUST00513,Male,1,12,No,No,80.64,897.7,No
CUST00514,Female,0,68,No,DSL,99.38,6501.59,No
CUST00515,Female,0,1,No,No,78.71,81.3,Yes
CUST00516,Female,1,62,No,DSL,31.86,1651.86,No
CUST00517,Female,0,25,Yes,Fiber optic,48.04,1306.45,No
CUST00518,Male,0,49,Yes,DSL,33.51,1242.48,No
CUST00519,Female,0,47,Yes,Fiber optic,43.99,1930.14,No
CUST00520,Male,1,59,No,No,57.4,3465.37,No
CUST00521,Female,0,34,No,DSL,78.05,2474.32,No
CUST00522,Male,0,6,No,No,86.53,558.61,Yes
CUST00523,Male,0,42,No,DSL,51.67,2381.02,No
CUST00524,Male,0,12,No,DSL,82.94,886.46,No
CUST00525,Female,1,55,Yes,No,62.42,3128.0,No
CUST00526,Female,0,64,No,DSL,96.27,6124.67,No
CUST00527,Male,0,5,Yes,DSL,94.52,423.76,No
CUST00528,Female,0,27,Yes,DSL,85.84,2303.78,No
CUST00529,Male,0,34,No,No,99.55,3406.63,No
CUST00530,Male,0,6,Yes,DSL,74.75,468.58,Yes
CUST00531,Female,1,8,No,No,85.43,649.8,No
CUST00532,Female,0,2,Yes,No,70.87,133.22,Yes
CUST00533,Male,0,72,No,No,32.0,2947.29,No
CUST00534,Female,0,33,Yes,No,74.82,2220.93,No
CUST00535,Male,0,13,Yes,DSL,67.85,757.73,No
CUST00536,Male,1,21,No,Fiber optic,43.02,1007.75,No
CUST00537,Male,0,6,No,Fiber optic,75.78,449.91,No
CUST00538,Female,1,9,No,Fiber optic,103.45,917.14,Yes
CUST00539,Female,1,37,No,DSL,53.6,2134.12,No
CUST00540,Female,0,9,No,DSL,64.72,664.03,No
CUST00541,Female,0,0,No,Fiber optic,91.37,,Yes
CUST00542,Male,0,12,No,No,54.15,686.08,No
CUST00543,Male,0,54,No,Fiber optic,56.58,2768.4,No
CUST00544,Female,0,37,No,DSL,59.6,2508.27,No
CUST00545,Male,0,8,No,Fiber optic,72.66,585.14,Yes
CUST00546,Male,0,42,Yes,DSL,49.96,2264.17,No
CUST00547,Male,0,7,Yes,DSL,105.18,715.19,Yes
CUST00548,Female,0,6,No,Fiber optic,99.25,587.35,No
CUST00549,Female,1,8,Yes,DSL,105.09,836.35,Yes
CUST00550,Male,0,45,Yes,No,48.25,2110.06,No
CUST00551,Male,0,62,Yes,Fiber optic,59.9,3658.6,No
CUST00552,Male,1,41,Yes,No,63.34,2754.16,No
CUST00553,Female,0,61,Yes,DSL,46.1,2776.82,No
CUST00554,Male,0,27,Yes,Fiber optic,29.33,623.65,No
CUST00555,Male,1,23,Yes,No,55.71,1340.63,No
CUST00556,Male,0,4,No,Fiber optic,107.93,442.03,Yes
CUST00557,Female,1,6,No,Fiber optic,96.04,586.93,Yes
CUST00558,Male,0,10,Yes,No,102.24,937.33,Yes
CUST00559,Female,0,9,No,No,83.24,,No
CUST00560,Male,0,72,Yes,Fiber optic,46.21,3179.98,Yes
CUST00561,Male,0,3,Yes,DSL,102.0,282.64,No
CUST00562,Male,0,11,No,Fiber optic,109.56,1110.99,Yes
CUST00563,Male,1,23,Yes,DSL,51.87,1005.23,No
CUST00564,Female,1,56,Yes,DSL,59.57,,No
CUST00565,Male,0,48,No,No,35.03,1807.56,No
CUST00566,Male,0,18,No,No,68.14,1222.66,No
CUST00567,Male,0,28,No,Fiber optic,33.1,1009.89,No
CUST00568,Male,1,57,Yes,DSL,68.26,3923.49,No
CUST00569,Female,0,41,No,No,93.98,3847.71,No
CUST00570,Male,0,25,No,Fiber optic,25.45,634.65,Yes
CUST00571,Male,0,0,No,DSL,100.88,,No
CUST00572,Male,0,4,No,DSL,65.01,221.99,No
CUST00573,Male,0,1,No,DSL,109.85,117.46,Yes
CUST00574,Male,0,57,Yes,DSL,49.57,3194.63,No
CUST00575,Female,0,15,Yes,No,83.09,1190.56,No
CUST00576,Female,0,1,No,No,68.28,60.7,No
CUST00577,Female,0,65,No,Fiber optic,88.93,5963.18,Yes
CUST00578,Male,0,12,No,DSL,69.82,837.48,No
CUST00579,Female,0,0,No,DSL,84.51,,No
CUST00580,Male,0,12,No,DSL,55.02,557.21,No
CUST00581,Male,1,1,No,No,78.92,80.07,No
CUST00582,Female,0,13,Yes,No,84.62,1036.06,No
CUST00583,Female,0,41,Yes,DSL,31.99,1222.61,No
CUST00584,Male,0,19,Yes,DSL,51.48,965.24,No
CUST00585,Female,0,40,No,DSL,49.76,2199.12,No
CUST00586,Female,0,6,No,DSL,63.97,389.24,No
CUST00587,Male,0,9,No,DSL,105.68,1030.24,Yes
CUST00588,Female,0,12,No,No,67.79,899.16,No
CUST00589,Male,0,9,No,No,91.54,791.03,No
CUST00590,Male,0,0,Yes,DSL,105.62,,Yes
CUST00591,Female,1,45,No,Fiber optic,23.4,1295.88,No
CUST00592,Male,0,14,Yes,Fiber optic,60.2,977.44,No
CUST00593,Male,0,11,No,Fiber optic,101.93,1071.11,Yes
CUST00594,Female,1,28,Yes,Fiber optic,61.59,1962.55,No
CUST00595,Male,0,43,No,DSL,88.31,3603.73,No
CUST00596,Female,0,5,Yes,DSL,71.47,385.64,Yes
CUST00597,Female,1,9,No,No,64.71,602.79,No
CUST00598,Male,0,26,Yes,DSL,27.31,527.68,No
CUST00599,Female,0,0,No,DSL,86.9,,Yes
CUST00600,Male,0,21,Yes,Fiber optic,31.24,606.04,No
CUST00601,Male,0,21,No,Fiber optic,56.18,1220.67,Yes
CUST00602,Male,0,20,No,Fiber optic,44.0,898.92,Yes
CUST00603,Male,0,9,Yes,No,64.72,647.76,No
CUST00604,Male,0,20,No,Fiber optic,90.76,1931.07,Yes
CUST00605,Female,0,46,No,DSL,94.58,4808.89,No
CUST00606,Female,1,65,Yes,DSL,54.16,3540.6,No
CUST00607,Male,0,20,No,DSL,34.18,633.24,No
CUST00608,Male,0,6,No,Fiber optic,96.02,,Yes
CUST00609,Male,0,3,Yes,No,86.72,270.31,No
CUST00610,Male,1,41,No,No,80.96,3231.25,No
CUST00611,Female,0,5,No,Fiber optic,71.38,342.32,No
CUST00612,Female,0,11,No,DSL,103.27,1244.67,No
CUST00613,Male,0,3,Yes,Fiber optic,96.71,266.74,Yes
CUST00614,Female,1,70,No,Fiber optic,46.2,3715.34,Yes
CUST00615,Female,0,3,No,No,92.56,273.21,No
CUST00616,Male,1,67,No,DSL,60.64,4641.54,No
CUST00617,Male,0,53,Yes,Fiber optic,22.91,1622.26,No
CUST00618,Female,0,9,No,DSL,79.32,636.58,Yes
CUST00619,Female,0,5,Yes,DSL,98.9,474.41,Yes
CUST00620,Male,0,66,Yes,DSL,69.07,4074.56,No
CUST00621,Male,1,3,Yes,Fiber optic,78.7,248.45,No
CUST00622,Male,0,9,Yes,Fiber optic,85.1,797.83,No
CUST00623,Female,0,65,Yes,No,85.01,5261.22,No
CUST00624,Male,1,58,Yes,DSL,60.02,3994.3,No
CUST00625,Female,0,12,No,Fiber optic,31.72,490.05,No
CUST00626,Male,0,14,Yes,Fiber optic,84.65,1127.7,No
CUST00627,Female,0,18,Yes,No,27.35,631.04,No
CUST00628,Female,0,2,Yes,No,67.73,133.96,No
CUST00629,Male,1,44,No,DSL,69.95,3440.51,No
CUST00630,Male,1,1,Yes,DSL,62.47,65.93,No
CUST00631,Male,0,10,Yes,DSL,84.0,891.64,Yes
CUST00632,Male,0,43,No,DSL,76.95,3120.34,No
CUST00633,Male,0,17,No,Fiber optic,94.42,1442.66,Yes
CUST00634,Male,0,45,Yes,DSL,30.79,,No
CUST00635,Female,0,1,No,No,63.23,65.51,No
CUST00636,Female,0,19,Yes,Fiber optic,71.37,1374.47,No
CUST00637,Female,1,1,Yes,DSL,86.38,81.31,No
CUST00638,Male,0,35,Yes,DSL,46.81,1419.52,No
CUST00639,Male,0,38,Yes,DSL,77.41,2862.89,No
CUST00640,Female,0,2,No,Fiber optic,86.93,171.0,No
CUST00641,Female,0,5,No,No,88.2,404.35,No
CUST00642,Female,0,7,Yes,Fiber optic,73.47,456.65,Yes
CUST00643,Female,0,50,Yes,DSL,86.26,3849.86,No
CUST00644,Male,0,43,Yes,Fiber optic,28.41,1274.49,No
CUST00645,Male,1,4,Yes,Fiber optic,62.34,265.29,No
CUST00646,Female,1,42,No,DSL,55.22,2559.12,No
CUST00647,Female,0,7,No,No,67.24,505.25,No
CUST00648,Female,0,68,Yes,DSL,82.42,,No
CUST00649,Male,0,20,No,No,62.88,1212.51,No
CUST00650,Female,0,36,No,Fiber optic,91.87,3219.66,No
CUST00651,Female,0,49,No,DSL,71.05,,No
CUST00652,Male,0,20,No,DSL,97.48,1819.83,No
CUST00653,Male,1,4,Yes,DSL,103.21,388.03,No
CUST00654,Female,0,1,Yes,DSL,103.99,99.07,No
CUST00655,Male,0,46,Yes,No,42.77,1844.73,No
CUST00656,Male,1,12,Yes,DSL,88.36,1058.45,No
CUST00657,Female,0,71,No,DSL,80.62,5292.5,No
CUST00658,Male,0,12,Yes,Fiber optic,79.54,1033.97,No
CUST00659,Female,0,8,No,DSL,60.98,490.32,No
CUST00660,Male,0,17,Yes,DSL,31.64,692.14,No
CUST00661,Female,0,30,No,DSL,96.95,3079.41,No
CUST00662,Male,0,7,No,DSL,100.92,766.16,No
CUST00663,Female,0,64,No,No,57.05,3117.96,No
CUST00664,Female,0,65,Yes,No,51.19,2724.42,No
CUST00665,Female,0,67,No,DSL,49.71,3216.55,No
CUST00666,Female,0,5,Yes,DSL,86.84,388.71,Yes
CUST00667,Male,0,11,No,DSL,91.08,1097.94,No
CUST00668,Female,0,6,Yes,Fiber optic,104.77,671.59,Yes
CUST00669,Female,0,68,No,DSL,71.05,5180.65,No
CUST00670,Male,0,13,No,Fiber optic,68.12,757.82,No
CUST00671,Female,0,7,Yes,No,79.36,571.57,No
CUST00672,Male,0,4,Yes,DSL,98.87,366.69,Yes
CUST00673,Female,0,25,Yes,No,23.36,362.6,No
CUST00674,Female,0,8,No,Fiber optic,86.27,690.22,No
CUST00675,Female,0,9,Yes,DSL,82.95,826.83,No
CUST00676,Female,1,63,No,Fiber optic,70.33,4887.76,Yes
CUST00677,Female,1,51,Yes,Fiber optic,47.21,2713.18,No
CUST00678,Female,0,67,No,DSL,35.48,2442.73,No
CUST00679,Female,0,31,Yes,DSL,34.61,790.29,No
CUST00680,Male,1,45,No,Fiber optic,90.14,4056.56,No
CUST00681,Male,1,10,Yes,DSL,91.19,825.06,Yes
CUST00682,Male,0,39,No,DSL,58.25,,No
CUST00683,Male,0,24,Yes,Fiber optic,55.67,1127.84,Yes
CUST00684,Female,1,33,Yes,DSL,47.27,1657.05,No
CUST00685,Female,0,65,Yes,Fiber optic,23.02,1826.56,Yes
CUST00686,Male,0,20,No,Fiber optic,21.79,419.14,No
CUST00687,Female,0,30,Yes,Fiber optic,24.68,715.57,No
CUST00688,Female,0,6,No,No,70.88,421.11,No
CUST00689,Female,0,65,Yes,DSL,28.25,1204.78,No
CUST00690,Female,1,21,Yes,Fiber optic,29.75,579.02,No
CUST00691,Male,0,64,No,DSL,95.91,,No
CUST00692,Male,0,54,No,DSL,92.91,4595.8,No
CUST00693,Female,0,6,No,DSL,72.47,432.47,No
CUST00694,Male,0,29,Yes,Fiber optic,23.65,399.64,No
CUST00695,Female,0,1,No,DSL,95.67,97.07,Yes
CUST00696,Female,0,55,No,DSL,25.64,1284.31,No
CUST00697,Female,0,11,Yes,DSL,93.17,1087.41,No
CUST00698,Male,1,70,No,Fiber optic,29.43,2513.99,No
CUST00699,Male,0,4,No,Fiber optic,77.02,287.65,Yes
CUST00700,Female,0,6,No,DSL,90.59,516.78,No
CUST00701,Female,0,10,Yes,DSL,96.16,1052.95,No
CUST00702,Male,1,15,Yes,Fiber optic,47.48,622.77,No
CUST00703,Male,1,46,No,No,83.33,3633.65,No
CUST00704,Female,0,6,No,No,86.1,479.87,Yes
CUST00705,Female,0,62,Yes,DSL,26.77,1412.82,No
CUST00706,Female,0,51,No,DSL,33.71,1566.18,No
CUST00707,Female,0,8,Yes,DSL,99.83,867.54,No
CUST00708,Male,0,13,Yes,No,21.7,241.73,No
CUST00709,Male,0,45,Yes,DSL,34.6,1979.0,No
CUST00710,Female,0,11,No,Fiber optic,84.06,1000.0,Yes
CUST00711,Female,0,11,No,DSL,93.79,924.01,No
CUST00712,Female,0,3,Yes,No,60.66,174.88,No
CUST00713,Male,0,49,Yes,DSL,63.72,3145.48,No
CUST00714,Male,0,65,No,DSL,26.21,2024.82,No
CUST00715,Female,1,16,No,No,22.83,304.37,No
CUST00716,Female,0,34,Yes,DSL,24.04,1066.62,No
CUST00717,Female,0,34,No,No,39.14,1123.88,No
CUST00718,Male,0,4,Yes,DSL,64.05,230.58,No
CUST00719,Male,0,41,No,DSL,57.27,,No
CUST00720,Female,0,66,Yes,Fiber optic,29.42,1751.09,No
CUST00721,Male,0,62,No,DSL,44.62,2784.69,No
CUST00722,Female,0,10,No,DSL,77.9,749.17,Yes
CUST00723,Female,0,9,No,No,93.57,865.29,Yes
CUST00724,Female,0,26,Yes,No,53.91,1325.36,No
CUST00725,Male,0,5,No,Fiber optic,81.39,360.87,Yes
CUST00726,Male,0,37,No,DSL,57.29,1827.82,No
CUST00727,Male,0,9,Yes,DSL,74.75,611.53,No
CUST00728,Male,0,39,No,DSL,49.44,2049.29,No
CUST00729,Female,0,14,Yes,Fiber optic,93.88,1386.4,Yes
CUST00730,Male,0,4,No,Fiber optic,70.38,253.78,Yes
CUST00731,Male,1,46,No,DSL,20.78,1130.23,No
CUST00732,Male,0,19,Yes,DSL,98.65,1800.99,No
CUST00733,Male,0,66,Yes,DSL,97.56,5869.95,No
CUST00734,Female,0,48,Yes,Fiber optic,24.82,1507.35,No
CUST00735,Female,0,5,Yes,No,89.63,434.57,No
CUST00736,Male,0,51,Yes,No,43.72,2039.17,No
CUST00737,Male,0,34,Yes,Fiber optic,62.67,2198.84,Yes
CUST00738,Female,0,44,Yes,Fiber optic,98.74,4069.74,No
CUST00739,Female,0,1,No,Fiber optic,74.8,81.83,Yes
CUST00740,Female,0,19,No,Fiber optic,92.42,1814.57,No
CUST00741,Female,0,70,Yes,Fiber optic,25.17,1253.56,No
CUST00742,Male,1,0,Yes,DSL,92.62,,Yes
CUST00743,Female,1,4,No,DSL,98.05,373.42,Yes
CUST00744,Female,0,4,No,No,102.68,,Yes
CUST00745,Female,0,30,No,Fiber optic,70.3,2341.3,No
CUST00746,Male,0,37,No,No,65.82,2727.05,No
CUST00747,Male,0,70,Yes,Fiber optic,68.68,4589.15,Yes
CUST00748,Male,0,2,Yes,DSL,98.85,184.79,Yes
CUST00749,Female,0,1,Yes,Fiber optic,72.13,69.33,No
CUST00750,Female,0,41,Yes,Fiber optic,45.05,1803.31,Yes
CUST00751,Female,0,13,No,DSL,78.49,1122.74,No
CUST00752,Male,0,72,No,No,89.27,6844.59,No
CUST00753,Male,0,11,No,No,105.47,1202.18,Yes
CUST00754,Male,1,66,Yes,No,61.63,,No
CUST00755,Female,0,38,Yes,Fiber optic,25.37,1067.85,Yes
CUST00756,Female,0,61,No,Fiber optic,32.61,2375.66,No
CUST00757,Male,0,49,No,Fiber optic,67.36,3184.16,No
CUST00758,Male,0,51,Yes,DSL,63.62,3511.91,No
CUST00759,Male,0,13,No,No,86.51,1074.51,No
CUST00760,Male,0,41,No,Fiber optic,76.5,2972.59,No
CUST00761,Male,0,54,No,Fiber optic,22.83,1144.64,No
CUST00762,Male,0,28,Yes,Fiber optic,54.3,1415.61,Yes
CUST00763,Female,0,14,No,DSL,21.57,439.77,No
CUST00764,Male,0,62,No,Fiber optic,56.08,3826.05,No
CUST00765,Male,0,39,No,Fiber optic,75.92,2678.85,No
CUST00766,Female,0,0,No,Fiber optic,77.78,,No
CUST00767,Female,0,0,Yes,DSL,85.08,,Yes
CUST00768,Female,0,72,No,Fiber optic,29.72,2470.64,No
CUST00769,Male,1,53,Yes,No,72.17,4018.38,No
CUST00770,Female,0,8,No,DSL,68.63,522.05,No
CUST00771,Male,0,38,Yes,No,98.32,3951.17,No
CUST00772,Male,0,52,Yes,Fiber optic,29.76,1062.26,Yes
CUST00773,Male,0,64,Yes,DSL,44.61,3478.49,No
CUST00774,Male,0,9,Yes,DSL,86.81,857.51,Yes
CUST00775,Female,0,7,Yes,No,76.85,552.24,Yes
CUST00776,Female,0,0,Yes,No,77.97,,No
CUST00777,Male,0,32,No,DSL,85.87,2724.95,No
CUST00778,Female,0,68,No,Fiber optic,50.41,,Yes
CUST00779,Male,0,28,Yes,Fiber optic,59.94,1579.06,No
CUST00780,Male,0,38,No,DSL,81.51,3119.72,No
CUST00781,Female,0,37,Yes,No,69.96,2625.26,No
CUST00782,Female,1,20,Yes,Fiber optic,37.83,,Yes
CUST00783,Female,1,53,No,Fiber optic,79.26,4511.07,Yes
CUST00784,Male,0,33,Yes,DSL,27.74,1031.76,No
CUST00785,Male,0,9,No,DSL,107.54,904.89,No
CUST00786,Male,0,29,Yes,No,92.17,2480.04,No
CUST00787,Male,0,10,No,Fiber optic,66.85,,No
CUST00788,Male,0,44,Yes,DSL,90.49,4390.36,No
CUST00789,Female,0,4,No,Fiber optic,87.47,355.76,No
CUST00790,Male,0,12,No,Fiber optic,48.49,482.31,No
CUST00791,Male,0,46,No,No,73.63,3269.48,No
CUST00792,Male,1,18,Yes,DSL,45.56,704.86,No
CUST00793,Male,1,43,No,DSL,72.24,2721.12,No
CUST00794,Female,1,41,No,DSL,57.74,2336.4,No
CUST00795,Male,0,1,No,No,84.39,78.59,No
CUST00796,Female,0,69,Yes,Fiber optic,20.68,886.44,No
CUST00797,Female,0,12,No,Fiber optic,55.83,624.79,No
CUST00798,Male,0,5,No,DSL,90.78,420.83,Yes
CUST00799,Female,1,10,No,Fiber optic,65.84,658.82,Yes
CUST00800,Female,0,6,No,Fiber optic,63.74,437.27,No
CUST00801,Male,0,71,No,No,68.11,4735.43,No
CUST00802,Male,0,22,Yes,No,22.58,529.9,No
CUST00803,Female,0,37,Yes,DSL,89.04,3247.49,No
CUST00804,Female,0,0,Yes,DSL,101.5,,Yes
CUST00805,Male,1,10,Yes,DSL,80.6,802.9,Yes
CUST00806,Female,1,22,Yes,No,98.29,2098.28,No
CUST00807,Male,0,15,Yes,DSL,90.08,1392.91,No
CUST00808,Female,0,6,No,DSL,70.54,436.69,No
CUST00809,Female,0,47,No,DSL,57.16,3062.74,No
CUST00810,Female,1,58,No,Fiber optic,80.1,4857.87,Yes
CUST00811,Male,0,36,Yes,Fiber optic,39.47,1771.55,No
CUST00812,Male,0,46,Yes,No,21.44,,No
CUST00813,Female,1,7,No,Fiber optic,92.45,641.36,No
CUST00814,Female,0,12,No,DSL,45.05,507.23,No
CUST00815,Female,0,16,Yes,DSL,32.98,446.47,No
CUST00816,Male,0,9,Yes,Fiber optic,97.25,839.75,Yes
CUST00817,Female,0,7,Yes,No,106.37,738.64,Yes
CUST00818,Female,0,11,Yes,DSL,98.31,1091.48,Yes
CUST00819,Female,1,23,Yes,No,32.17,626.21,No
CUST00820,Male,0,24,No,DSL,47.12,898.43,No
CUST00821,Female,0,72,Yes,Fiber optic,60.86,4566.91,No
CUST00822,Female,0,0,Yes,DSL,73.93,,Yes
CUST00823,Male,0,5,Yes,Fiber optic,65.92,302.46,No
CUST00824,Male,0,30,Yes,No,69.96,2033.02,No
CUST00825,Female,1,50,Yes,DSL,31.84,1648.36,No
CUST00826,Female,1,7,Yes,DSL,81.41,507.55,Yes
CUST00827,Female,0,61,Yes,DSL,49.07,2796.63,No
CUST00828,Female,0,34,No,Fiber optic,31.73,,No
CUST00829,Female,0,35,No,Fiber optic,76.0,2648.97,Yes
CUST00830,Female,1,45,No,Fiber optic,65.64,3023.99,No
CUST00831,Male,0,62,Yes,Fiber optic,94.66,5546.68,No
CUST00832,Male,0,55,No,DSL,47.71,2453.5,No
CUST00833,Male,0,62,No,Fiber optic,64.8,3978.21,No
CUST00834,Female,0,25,Yes,DSL,25.99,,No
CUST00835,Male,0,9,No,Fiber optic,76.93,752.53,No
CUST00836,Male,0,17,No,Fiber optic,43.86,584.95,No
CUST00837,Female,0,63,No,No,99.27,6260.68,No
CUST00838,Male,0,5,Yes,DSL,82.18,449.38,No
CUST00839,Male,1,35,No,Fiber optic,79.46,2616.43,No
CUST00840,Male,1,30,No,No,61.83,2013.15,No
CUST00841,Female,0,15,No,Fiber optic,69.24,950.33,No
CUST00842,Female,0,11,Yes,DSL,68.72,670.88,No
CUST00843,Male,0,43,No,No,31.2,1393.05,No
CUST00844,Female,0,57,Yes,DSL,28.01,,No
CUST00845,Female,0,11,No,Fiber optic,93.36,1132.82,Yes
CUST00846,Female,0,19,No,Fiber optic,74.2,1419.24,No
CUST00847,Male,0,12,Yes,Fiber optic,72.61,877.02,Yes
CUST00848,Female,0,20,No,DSL,82.76,1468.62,No
CUST00849,Female,0,50,No,DSL,75.56,3351.25,No
CUST00850,Female,0,42,No,Fiber optic,96.24,4287.55,No
CUST00851,Male,0,5,Yes,No,103.81,500.04,Yes
CUST00852,Female,0,56,No,Fiber optic,62.25,3297.86,Yes
CUST00853,Male,0,10,No,DSL,86.73,950.17,Yes
CUST00854,Male,0,31,Yes,DSL,31.35,1137.91,No
CUST00855,Female,0,28,No,DSL,87.54,2382.35,No
CUST00856,Female,0,3,No,DSL,83.19,256.72,Yes
CUST00857,Male,0,24,Yes,No,88.32,2041.56,No
CUST00858,Male,0,60,No,DSL,33.06,2367.77,No
CUST00859,Male,0,45,No,Fiber optic,20.52,688.46,No
CUST00860,Male,0,10,No,Fiber optic,102.9,1049.46,Yes
CUST00861,Female,0,1,Yes,Fiber optic,90.34,88.96,Yes
CUST00862,Female,0,57,No,DSL,45.59,2547.8,No
CUST00863,Female,0,69,No,Fiber optic,57.37,3847.67,No
CUST00864,Female,1,6,No,Fiber optic,72.6,395.17,No
CUST00865,Female,0,8,No,No,82.84,696.07,Yes
CUST00866,Female,0,48,No,Fiber optic,45.5,1715.66,No
CUST00867,Male,0,54,No,Fiber optic,89.26,4411.68,No
CUST00868,Male,0,10,Yes,DSL,71.36,704.95,Yes
CUST00869,Female,0,8,No,Fiber optic,103.59,762.34,Yes
CUST00870,Female,0,40,Yes,DSL,28.38,1057.71,No
CUST00871,Male,0,45,Yes,Fiber optic,96.45,4278.79,No
CUST00872,Male,0,56,Yes,DSL,20.52,1464.37,No
CUST00873,Female,0,3,No,No,89.44,270.61,No
CUST00874,Male,1,0,No,DSL,104.62,,Yes
CUST00875,Male,0,53,No,Fiber optic,24.2,1620.9,No
CUST00876,Male,1,5,No,DSL,77.68,344.79,Yes
CUST00877,Male,0,38,No,DSL,22.37,745.96,No
CUST00878,Male,0,28,Yes,Fiber optic,98.43,2525.26,No
CUST00879,Male,0,46,Yes,Fiber optic,68.87,3597.85,No
CUST00880,Male,1,20,Yes,Fiber optic,36.43,910.71,Yes
CUST00881,Male,1,25,Yes,DSL,32.91,842.87,Yes
CUST00882,Male,0,45,Yes,DSL,49.52,2113.75,No
CUST00883,Male,0,44,No,Fiber optic,65.28,2550.32,No
CUST00884,Male,0,39,Yes,DSL,40.21,1341.39,No
CUST00885,Male,0,61,Yes,Fiber optic,21.7,1536.46,No
CUST00886,Female,0,41,No,No,46.47,2193.08,No
CUST00887,Female,0,2,Yes,Fiber optic,79.12,168.75,Yes
CUST00888,Female,1,9,Yes,No,62.86,641.53,No
CUST00889,Male,0,9,Yes,Fiber optic,106.28,907.61,Yes
CUST00890,Female,0,46,No,Fiber optic,48.59,2181.39,No
CUST00891,Male,1,11,No,Fiber optic,62.35,662.43,No
CUST00892,Female,0,18,No,No,86.32,1588.21,No
CUST00893,Male,0,36,No,Fiber optic,99.5,3922.78,Yes
CUST00894,Female,0,49,Yes,DSL,81.14,3596.39,No
CUST00895,Male,0,51,No,DSL,73.58,3778.53,No
CUST00896,Male,0,32,Yes,Fiber optic,75.95,2371.43,Yes
CUST00897,Female,0,0,No,Fiber optic,87.01,,Yes
CUST00898,Female,0,10,No,Fiber optic,102.99,1068.25,No
CUST00899,Male,0,9,No,No,100.72,817.27,No
CUST00900,Female,0,10,Yes,Fiber optic,99.64,1078.95,No
CUST00901,Male,0,70,No,DSL,70.65,4297.94,No
CUST00902,Male,0,50,No,Fiber optic,55.49,3091.73,No
CUST00903,Female,1,11,Yes,DSL,73.89,774.21,Yes
CUST00904,Female,0,35,Yes,DSL,83.5,3243.1,No
CUST00905,Female,0,20,Yes,DSL,54.8,1244.42,No
CUST00906,Male,0,71,Yes,DSL,73.99,5025.19,No
CUST00907,Male,0,6,Yes,DSL,64.23,407.77,No
CUST00908,Male,0,0,Yes,DSL,80.37,,Yes
CUST00909,Female,1,71,Yes,DSL,79.25,5562.14,No
CUST00910,Female,0,44,Yes,No,80.89,3197.73,No
CUST00911,Female,0,61,No,No,49.42,3067.56,No
CUST00912,Male,1,3,Yes,No,101.51,311.99,No
CUST00913,Male,0,37,No,DSL,73.51,2521.57,No
CUST00914,Female,0,9,No,DSL,99.34,860.75,No
CUST00915,Female,0,7,Yes,Fiber optic,80.61,523.02,Yes
CUST00916,Male,1,55,No,Fiber optic,61.26,2993.28,No
CUST00917,Female,0,62,No,Fiber optic,47.56,3264.6,No
CUST00918,Female,0,14,Yes,Fiber optic,36.38,641.65,No
CUST00919,Male,1,9,No,Fiber optic,73.52,689.48,Yes
CUST00920,Female,0,2,Yes,Fiber optic,85.75,165.13,Yes
CUST00921,Female,0,43,No,Fiber optic,74.32,3506.4,No
CUST00922,Female,0,25,Yes,No,70.05,1506.37,No
CUST00923,Female,0,17,No,Fiber optic,86.78,1337.19,Yes
CUST00924,Female,1,70,No,No,42.54,3330.41,Yes
CUST00925,Male,0,38,Yes,Fiber optic,76.11,2761.0,No
CUST00926,Female,0,21,No,No,86.2,1994.38,No
CUST00927,Female,0,25,Yes,DSL,24.5,797.56,No
CUST00928,Female,1,70,Yes,DSL,67.93,4819.49,No
CUST00929,Male,1,54,No,DSL,48.98,2435.64,No
CUST00930,Female,0,33,Yes,DSL,35.8,1193.94,No
CUST00931,Male,0,26,Yes,No,40.37,1232.7,No
CUST00932,Female,0,47,Yes,DSL,20.08,1272.08,No
CUST00933,Male,1,37,No,DSL,35.04,1074.58,No
CUST00934,Male,0,6,Yes,Fiber optic,72.87,468.14,Yes
CUST00935,Female,0,4,No,Fiber optic,63.03,232.85,No
CUST00936,Male,0,8,Yes,No,96.49,,Yes
CUST00937,Male,0,1,Yes,DSL,95.92,93.58,Yes
CUST00938,Male,1,10,Yes,Fiber optic,65.62,658.6,No
CUST00939,Female,0,3,No,DSL,81.32,,Yes
CUST00940,Female,0,1,Yes,Fiber optic,99.84,92.35,Yes
CUST00941,Female,0,26,No,Fiber optic,88.03,2064.73,No
CUST00942,Male,0,11,Yes,Fiber optic,94.76,1000.74,Yes
CUST00943,Male,0,25,Yes,No,62.88,1671.81,No
CUST00944,Male,1,11,Yes,Fiber optic,98.72,1021.05,No
CUST00945,Female,0,40,Yes,Fiber optic,93.22,3536.01,No
CUST00946,Female,1,2,No,No,106.71,194.31,No
CUST00947,Male,0,53,Yes,DSL,97.6,5581.45,No
CUST00948,Female,0,7,Yes,Fiber optic,72.48,484.37,No
CUST00949,Female,0,18,Yes,No,65.31,1080.18,No
CUST00950,Male,1,56,No,DSL,32.07,2335.02,No
CUST00951,Female,0,10,Yes,DSL,75.12,752.48,Yes
CUST00952,Female,1,4,No,No,107.15,407.63,Yes
CUST00953,Male,0,65,No,DSL,30.74,2162.38,No
CUST00954,Female,0,54,Yes,No,84.62,4290.73,No
CUST00955,Male,1,28,Yes,DSL,42.07,1032.32,No
CUST00956,Female,1,3,Yes,DSL,79.78,266.59,No
CUST00957,Female,1,4,No,DSL,70.02,272.86,Yes
CUST00958,Male,0,8,No,No,66.89,569.97,No
CUST00959,Female,1,1,No,DSL,70.35,79.1,No
CUST00960,Female,0,16,No,Fiber optic,52.47,887.57,Yes
CUST00961,Female,0,13,No,Fiber optic,25.05,290.69,No
CUST00962,Female,0,44,Yes,No,61.02,2448.42,No
CUST00963,Female,0,20,Yes,Fiber optic,24.55,571.16,No
CUST00964,Male,0,71,No,Fiber optic,77.79,6092.33,No
CUST00965,Male,0,31,No,No,57.47,1706.03,No
CUST00966,Male,1,8,No,No,94.71,721.14,Yes
CUST00967,Female,0,7,Yes,Fiber optic,77.28,529.97,Yes
CUST00968,Female,0,10,Yes,Fiber optic,85.82,871.07,Yes
CUST00969,Female,0,52,No,DSL,88.37,5037.84,No
CUST00970,Male,0,8,No,Fiber optic,108.43,,Yes
CUST00971,Female,1,64,Yes,Fiber optic,52.56,3814.89,No
CUST00972,Male,1,3,No,DSL,65.82,216.05,No
CUST00973,Female,1,38,No,Fiber optic,40.29,1543.9,Yes
CUST00974,Male,0,61,Yes,Fiber optic,21.06,876.08,No
CUST00975,Male,0,64,No,Fiber optic,41.34,2808.55,Yes
CUST00976,Female,0,30,No,Fiber optic,65.2,2219.4,No
CUST00977,Female,1,70,Yes,DSL,36.79,2387.75,No
CUST00978,Male,0,11,Yes,Fiber optic,66.14,672.51,No
CUST00979,Male,1,10,No,DSL,61.0,536.73,No
CUST00980,Female,1,27,No,No,75.42,1802.91,No
CUST00981,Female,0,14,Yes,DSL,87.46,1262.09,No
CUST00982,Male,0,13,Yes,Fiber optic,99.52,1337.68,No
CUST00983,Female,0,68,Yes,Fiber optic,83.28,6031.08,No
CUST00984,Male,1,20,No,No,99.62,2064.54,No
CUST00985,Female,0,44,Yes,DSL,44.36,1763.78,No
CUST00986,Male,0,72,No,Fiber optic,81.71,6012.8,Yes
CUST00987,Male,0,12,Yes,DSL,53.54,608.53,No
CUST00988,Male,0,40,No,DSL,37.73,1123.49,No
CUST00989,Female,1,43,No,DSL,40.73,1773.56,No
CUST00990,Male,0,15,No,No,97.09,1491.75,No
CUST00991,Male,0,24,Yes,DSL,91.21,2333.38,No
CUST00992,Female,0,48,No,Fiber optic,80.89,3641.65,No
CUST00993,Male,0,23,Yes,DSL,71.72,1624.14,No
CUST00994,Female,0,2,No,No,64.94,136.19,No
CUST00995,Female,0,52,Yes,Fiber optic,56.29,2446.51,No
CUST00996,Female,0,2,No,Fiber optic,89.08,169.81,No
CUST00997,Male,0,23,No,DSL,96.08,2312.39,No
CUST00998,Female,0,39,Yes,DSL,62.47,2617.45,No
CUST00999,Male,1,12,No,Fiber optic,94.26,1114.07,Yes
CUST01000,Male,0,6,No,DSL,83.81,503.99,Yes
